,Kategorie,Koordinaten,Name,Bildlizenz,Bild,Website,Adresse,Unesco-Seite,Latitude,Longitude,Karte
0,32,"[-34.91134, -57.94183]",Das architektonische Werk von Le Corbusier - ein herausragender Beitrag zur Moderne,"CC-BY-ND, Thomas Wolf, Wüstenrot Stiftung ",https://www.unesco.de/sites/default/files/styles/1280w/public/2018-01/Le-Corbusier_Weissenhofsiedlung_CC-BY-ND_Thomas-Wolf_Wuestenrot-Stiftung.jpg?itok=AhpzDO9M,https://www.stuttgart.de/weissenhof/index.php?p=menu&language=de,"Casa Curutchet, Calle 54, Barrio El Mondongo, La Plata, Partido de La Plata, Buenos Aires, B1900AMU, Argentina",https://www.unesco.de/kultur-und-natur/welterbe/welterbe-deutschland/das-architektonische-werk-von-le-corbusier-ein,48.79983,9.1777,"Das architektonische Werk von Le Corbusier - ein herausragender Beitrag zur Moderne,Weissenhofmuseum im Haus Le Corbusier, Rathenaustraße 1, 70191 Stuttgart,https://www.stuttgart.de/weissenhof/index.php?p=menu&language=de"
1,32,"[48.36754, 10.89754]",Augsburger Wassermanagement-System,Zehntausendgrad Videowerbung GmbH,https://www.unesco.de/sites/default/files/styles/400sq/public/2019-06/Augsburger%20Wassermanagement-System_c_ZEHNTAUSENDGRAD%20Videowerbung%20GmbH.jpg,https://www.unesco.de/kultur-und-natur/welterbe/welterbe-deutschland/augsburger-wassermanagement-system,"Marc Cain Store, 19, Philippine-Welser-Straße, Innenstadt, St. Ulrich-Dom, Innenstadt, Augsburg, Bayern, 86150, Deutschland",https://www.unesco.de/node/2867,48.36754,10.89754,"Augsburger Wassermanagement-System,Augsburger Wassermanagement-System (UNESCO-Welterbestätte), 86152 Augsburg,https://www.unesco.de/kultur-und-natur/welterbe/welterbe-deutschland/augsburger-wassermanagement-system"
2,32,"[50.71342, 13.57671]",Montanregion Erzgebirge/Krušnohoří,UNESCO / Jan Watzek,https://www.unesco.de/sites/default/files/styles/400sq/public/2019-07/Krušnohoří_c_UNESCO_Jan%20Watzek.jpg,https://www.unesco.de/kultur-und-natur/welterbe/welterbe-deutschland/montanregion-erzgebirgekrusnohori,"Floßgrabenweg, Rechenberg, Waldeck, Rechenberg-Bienenmühle, Mittelsachsen, Sachsen, 09623, Deutschland",,50.71342,13.57671,"Montanregion Erzgebirge/Krušnohoří,Montanregion Erzgebirge/Krušnohoří - Weltkulturerbe, Brandov 11, 435 47 Brandov, Czechia,https://www.unesco.de/kultur-und-natur/welterbe/welterbe-deutschland/montanregion-erzgebirgekrusnohori"
3,32,"[50.96674, 10.30665]",Wartburg,"CC-BY, Lencer, Commons Wiki",https://www.unesco.de/sites/default/files/styles/1280w/public/2017-12/Wartburg_von_Br%C3%BCcke_c_Lencer_alle%20Rechte%20vorbehalten.jpg?itok=-rTQm_jU,https://www.wartburg.de/de/,"Der Pummpälzweg, Zugbrücke, Gefilde, Eisenach, Thüringen, 99817, Deutschland",https://www.unesco.de/kultur-und-natur/welterbe/welterbe-deutschland/wartburg,50.96674,10.30665,"Wartburg,Rathaus Stralsund, Alter Markt, 18439 Stralsund,https://www.wartburg.de/de/"
4,32,"[49.24835, 6.84447]",Völklinger Hütte,"CC-BY-NC-ND 2.0, Tom Močička, Flickr ",https://www.unesco.de/sites/default/files/styles/1280w/public/2017-12/16208688518_Voelklinger_H%C3%BCtte_Tom%20Mo%C4%8Di%C4%8Dka_Attribution-NonCommercial-NoDerivs%202.0%20Generic%20%28CC%20BY-NC-ND%202.0%29.jpg?itok=8K7NT9Sg,https://www.voelklinger-huette.org/willkommen/,"Weltkulturerbe Völklinger Hütte, 75-79, Rathausstraße, Wehrden, Völklingen, Regionalverband Saarbrücken, Saarland, 66333, Deutschland",https://www.unesco.de/kultur-und-natur/welterbe/welterbe-deutschland/voelklinger-huette,49.24835,6.84447,"Völklinger Hütte,Weltkulturerbe Völklinger Hütte, 75-79, Rathausstraße, Wehrden, Völklingen, Regionalverband Saarbrücken, Saarland, 66333, Deutschland,https://www.voelklinger-huette.org/willkommen/"
5,32,"[49.3172, 8.44223]",Speyerer Dom,"CC-BY-SA 3.0, BlueBreezeWiki",https://www.unesco.de/sites/default/files/styles/1280w/public/2017-12/Speyerer%20Dom_c_BlueBreezeWiki_CC%20BY-SA%203.0.jpg?itok=4aH7TpJ2,https://www.dom-zu-speyer.de/,"Dom zu Speyer, Edith-Stein-Platz, Speyer, Rheinland-Pfalz, 67346, Deutschland",https://www.unesco.de/kultur-und-natur/welterbe/welterbe-deutschland/speyerer-dom,49.3172,8.44223,"Speyerer Dom,Dom zu Speyer, Edith-Stein-Platz, Speyer, Rheinland-Pfalz, 67346, Deutschland,https://www.dom-zu-speyer.de/"
6,32,"[54.3025, 13.08528]",Altstädte von Stralsund und Wismar,"CC-BY-SA 4.0, W.Bulach, Wiki Commons ",https://www.unesco.de/sites/default/files/styles/1280w/public/2018-03/Stralsund_Alter-Markt_CC-BY-SA-4.0_W.Bulach_Commons-Wiki.jpg?itok=_xwWDSuo,https://www.wismar-stralsund.de/index.html,"Großer Frankenteich, Kalkofenweg, Franken Vorstadt, Franken, Stralsund, Vorpommern-Rügen, Mecklenburg-Vorpommern, 18439, Deutschland",https://www.unesco.de/kultur-und-natur/welterbe/welterbe-deutschland/altstaedte-von-stralsund-und-wismar,54.3025,13.08528,"Altstädte von Stralsund und Wismar,Großer Frankenteich, Kalkofenweg, Franken Vorstadt, Franken, Stralsund, Vorpommern-Rügen, Mecklenburg-Vorpommern, 18439, Deutschland,https://www.wismar-stralsund.de/index.html"
7,32,"[49.94437, 11.57828]",Markgräfliches Opernhaus Bayreuth,"CC-BY-SA 2.0, Manu, Flickr ",https://www.unesco.de/sites/default/files/styles/1280w/public/2017-12/5214427821_Marktgr%C3%A4fischesOpernhausBayreuth_Manu_Attribution-ShareAlike%202.0%20Generic%20%28CC%20BY-SA%202.0%29.jpg?itok=zBnDdarF,http://www.bayreuth-wilhelmine.de/deutsch/opernh/index.htm,"Markgräfliches Opernhaus, 14, Opernstraße, Westliche Innenstadt, City, Bayreuth, Bayern, 95444, Deutschland",https://www.unesco.de/kultur-und-natur/welterbe/welterbe-deutschland/markgraefliches-opernhaus-bayreuth,49.94437,11.57828,"Markgräfliches Opernhaus Bayreuth,Markgräfliches Opernhaus, 14, Opernstraße, Westliche Innenstadt, City, Bayreuth, Bayern, 95444, Deutschland,http://www.bayreuth-wilhelmine.de/deutsch/opernh/index.htm"
8,32,"[50.94128, 6.95828]",Kölner Dom,"CC-BY-NC-ND 2.0, Loris Paleari, Flickr ",https://www.unesco.de/sites/default/files/styles/1280w/public/2017-12/23066797623_%20K%C3%B6lner%20Dom_Loris%20Paleari%20_Attribution-NonCommercial-NoDerivs%202.0%20Generic%20%28CC%20BY-NC-ND%202.0%29.jpg?itok=8jUenqEc,https://www.koelner-dom.de/home/,"Kölner Dom, 4, Domkloster, Kunibertsviertel, Altstadt-Nord, Innenstadt, Köln, Nordrhein-Westfalen, 50667, Deutschland",https://www.unesco.de/kultur-und-natur/welterbe/welterbe-deutschland/koelner-dom,50.94128,6.95828,"Kölner Dom,Kölner Dom, 4, Domkloster, Kunibertsviertel, Altstadt-Nord, Innenstadt, Köln, Nordrhein-Westfalen, 50667, Deutschland,https://www.koelner-dom.de/home/"
9,32,"[52.51973, 13.39837]",Museumsinsel Berlin,"CC-BY-SA 3.0, Thomas Wolf, Commons Wiki",https://www.unesco.de/sites/default/files/styles/1280w/public/2017-12/Berlin_Museumsinsel_Fernsehturm_c_Thomas%20Wolf_CC%20BY-SA%203.0.jpg?itok=Wkxf_fem,https://www.smb.museum/home.html,"Museumsinsel, Am Kupfergraben, Spandauer Vorstadt, Mitte, Berlin, 10117, Deutschland",https://www.unesco.de/kultur-und-natur/welterbe/welterbe-deutschland/museumsinsel-berlin,52.51973,13.39837,"Museumsinsel Berlin,Museumsinsel, Am Kupfergraben, Spandauer Vorstadt, Mitte, Berlin, 10117, Deutschland,https://www.smb.museum/home.html"
10,32,"[47.69913, 9.06175]",Klosterinsel Reichenau,"CC-BY-ND 2.0, AugustusTours, Flickr ",https://www.unesco.de/sites/default/files/styles/1280w/public/2017-12/9621395992_Klosterinser_AugustusTours_Attribution-NoDerivs%202.0%20Generic%20%28CC%20BY-ND%202.0%29.jpg?itok=uLprZ3cI,https://www.reichenau-tourismus.de/,"Münsterplatz, Ergeten, Mittelzell, Reichenau, Verwaltungsgemeinschaft Konstanz, Landkreis Konstanz, Baden-Württemberg, 78479, Deutschland",https://www.unesco.de/kultur-und-natur/welterbe/welterbe-deutschland/klosterinsel-reichenau,47.69913,9.06175,"Klosterinsel Reichenau,Insel Reichenau, 78479 Reichenau,https://www.reichenau-tourismus.de/"
11,32,"[51.84161, 12.41961]",Gartenreich Dessau-Wörlitz ,"CC-BY 2.0, ghentooo, Flickr ",https://www.unesco.de/sites/default/files/styles/1280w/public/2017-12/3592721702_w%C3%B6rlitzer%20park%202_c_ghentooo_Attribution%202.0%20Generic%20%28CC%20BY%202.0%29.jpg?itok=RlWut7AB,http://www.gartenreich.com/,"Siedlung Bergstücken, Wörlitz, Oranienbaum-Wörlitz, Wittenberg, Sachsen-Anhalt, 06785, Deutschland",https://www.unesco.de/kultur-und-natur/welterbe/welterbe-deutschland/gartenreich-dessau-woerlitz,51.84161,12.41961,"Gartenreich Dessau-Wörlitz ,Gartenreich Dessau Wörlitz, Alter Wall 99, 06786 Oranienbaum-Wörlitz,http://www.gartenreich.com/"
12,32,"[49.00107, 8.81245]",Klosteranlage Maulbronn,"CC-BY-SA 3.0, Elke Wetzig, Commons Wiki ",https://www.unesco.de/sites/default/files/styles/1280w/public/2017-12/Kloster_Maulbronn_c_Elke%20Wetzig_CC%20BY-SA%203.0.jpg?itok=dRaXRJZ_,https://www.unesco.de/kultur-und-natur/welterbe/welterbe-deutschland/klosteranlage-maulbronn,"Kloster Maulbronn, Klosterstraße, Maulbronn (Stadt), Maulbronn, Verwaltungsgemeinschaft Maulbronn, Enzkreis, Baden-Württemberg, 75433, Deutschland",https://www.unesco.de/kultur-und-natur/welterbe/welterbe-deutschland/klosteranlage-maulbronn,49.00107,8.81245,"Klosteranlage Maulbronn,Kloster Maulbronn, Klosterstraße, Maulbronn (Stadt), Maulbronn, Verwaltungsgemeinschaft Maulbronn, Enzkreis, Baden-Württemberg, 75433, Deutschland,https://www.unesco.de/kultur-und-natur/welterbe/welterbe-deutschland/klosteranlage-maulbronn"
13,32,"[49.02056, 12.09917]",Altstadt von Regensburg mit Stadtamhof,"CC-BY-SA 3.0, Karsten Doerre, Commons Wiki ",https://www.unesco.de/sites/default/files/styles/1280w/public/2017-12/Regensburg_c_Karsten%20Doerre_CC%20BY-SA%203.0.jpg?itok=lN0Dw9xe,https://www.regensburg.de/welterbe,"17a, Unter den Schwibbögen, Altstadt von Regensburg mit Stadtamhof, Stadtamhof, Regensburg, Bayern, 93047, Deutschland",https://www.unesco.de/kultur-und-natur/welterbe/welterbe-deutschland/altstadt-von-regensburg-mit-stadtamhof,49.02056,12.09917,"Altstadt von Regensburg mit Stadtamhof,17a, Unter den Schwibbögen, Altstadt von Regensburg mit Stadtamhof, Stadtamhof, Regensburg, Bayern, 93047, Deutschland,https://www.regensburg.de/welterbe"
14,32,"[49.65391, 8.56896]",Kloster Lorsch,"CC-BY-SA 4.0, Axel Polsfuss, Commons Wiki ",https://www.unesco.de/sites/default/files/styles/1280w/public/2017-12/Kloster%20Lorsch_c_Axel%20Polsfuss_CC%20BY-SA%204.0.jpg?itok=QmU0lUpI,http://www.kloster-lorsch.de/klosterlorsch/,"Königshalle / Torhalle, 32, Nibelungenstraße, Viehweide, Lorsch, Kreis Bergstraße, Hessen, 64653, Deutschland",https://www.unesco.de/kultur-und-natur/welterbe/welterbe-deutschland/kloster-lorsch,49.65391,8.56896,"Kloster Lorsch,Königshalle / Torhalle, 32, Nibelungenstraße, Viehweide, Lorsch, Kreis Bergstraße, Hessen, 64653, Deutschland,http://www.kloster-lorsch.de/klosterlorsch/"
15,32,"[51.49119, 7.04593]",Industriekomplex Zeche Zollverein in Essen,"CC-BY, André P. Meyer-Vitali, Flickr ",https://www.unesco.de/sites/default/files/styles/1280w/public/2017-12/Zeche%20Zollverein_c_Andr%C3%A9%20P.%20Meyer-Vitali_cc.jpg?itok=2gGomScr,https://www.zollverein.de/,"openOffice, Bullmannaue, Stoppenberg, Stadtbezirk VI, Essen, Nordrhein-Westfalen, 45327, Deutschland",https://www.unesco.de/kultur-und-natur/welterbe/welterbe-deutschland/industriekomplex-zeche-zollverein-essen,51.49119,7.04593,"Industriekomplex Zeche Zollverein in Essen,UNESCO-Welterbe Zollverein, Gelsenkirchener Str. 181, 45309 Essen,https://www.zollverein.de/"
16,32,"[51.98335, 9.8109]",Fagus-Werk in Alfeld,"CC-BY-SA 2.0, Carsten Janssen, Commons Wiki ",https://www.unesco.de/sites/default/files/styles/1280w/public/2017-12/Fagus_Gropius_Hauptgebaeude_200705_wiki_front_Carsten%20Janssen_CC%20BY-SA%202.0.jpg?itok=Ud1Y7rtH,https://www.fagus-werk.com/de/,"19, Hannoversche Straße, Brüninghausen, Alfeld (Leine), Landkreis Hildesheim, Niedersachsen, 31061, Deutschland",https://www.unesco.de/kultur-und-natur/welterbe/welterbe-deutschland/fagus-werk-alfeld,51.98335,9.8109,"Fagus-Werk in Alfeld,Bad Wilhelmshöhe, Kassel,https://www.fagus-werk.com/de/"
17,32,"[50.07987, 8.98247]",Grenzen des Römischen Reiches: Obergermanisch-Raetischer Limes,"CC-BY-SA 2.0, Polybert49, Flickr ",https://www.unesco.de/sites/default/files/styles/1280w/public/2018-01/30%20Limes_1_Roemerkastell%20Saalburg_CC-BY-SA%202.0%20Polybert49-flickr.jpg?itok=Y7F1uaI-,http://www.deutsche-limeskommission.de/,"13, Oberhaagstraße, Großkrotzenburg, Main-Kinzig-Kreis, Hessen, 63538, Deutschland",https://www.unesco.de/kultur-und-natur/welterbe/welterbe-deutschland/grenzen-des-roemischen-reiches,50.07987,8.98247,"Grenzen des Römischen Reiches: Obergermanisch-Raetischer Limes,13, Oberhaagstraße, Großkrotzenburg, Main-Kinzig-Kreis, Hessen, 63538, Deutschland,http://www.deutsche-limeskommission.de/"
18,32,"[49.79278, 9.93889]",Residenz Würzburg mit Hofgarten und Residenzplatz,"CC-BY-NC 2.0, Bby, Flickr ",https://www.unesco.de/sites/default/files/styles/1280w/public/2017-11/219885062_Hofgarten_Bby_Attribution-NonCommercial%202.0%20Generic%20%28CC%20BY-NC%202.0%29.jpg?itok=NvIrhY7-,http://www.residenz-wuerzburg.de/,"Residenz Würzburg, 2, Residenzplatz, Würzburg Altstadt, Würzburg, Bayern, 97070, Deutschland",https://www.unesco.de/kultur-und-natur/welterbe/welterbe-deutschland/residenz-wuerzburg-mit-hofgarten-und-residenzplatz,49.79278,9.93889,"Residenz Würzburg mit Hofgarten und Residenzplatz,Residenz Würzburg, 2, Residenzplatz, Würzburg Altstadt, Würzburg, Bayern, 97070, Deutschland,http://www.residenz-wuerzburg.de/"
19,32,"[47.68055, 10.90018]",Wallfahrtskirche „Die Wies“,"CC-BY-SA 2.0, michat, Flickr ",https://www.unesco.de/sites/default/files/styles/1280w/public/2017-12/34707821102_%20Wieskirche%20_%20michat%20_Attribution-ShareAlike%202.0%20Generic%20%28CC%20BY-SA%202.0%29_1.jpg?itok=CwOBqdVK,http://wieskirche.de/,"Wieskirche, 14, Wies, Steingaden (VGem), Landkreis Weilheim-Schongau, Bayern, 86989, Deutschland",https://www.unesco.de/kultur-und-natur/welterbe/welterbe-deutschland/wallfahrtskirche-die-wies,47.68055,10.90018,"Wallfahrtskirche „Die Wies“,Wieskirche, 14, Wies, Steingaden (VGem), Landkreis Weilheim-Schongau, Bayern, 86989, Deutschland,http://wieskirche.de/"
20,32,"[50.8278, 6.90828]",Schlösser Augustusburg und Falkenlust in Brühl,"CC-BY-SA 3.0, Wandernder Weltreisender, Commons Wiki ",https://www.unesco.de/sites/default/files/styles/960w/public/2017-12/Augustusburg2_c_Wandernder%20Weltreisender_CC%20BY-SA%203.0_0.jpg?itok=y0naSgb9,http://www.schlossbruehl.de/Home,"Schloss Augustusburg, 6, Schloßstraße, Brühl-Nord, Vochem, Brühl, Rhein-Erft-Kreis, Nordrhein-Westfalen, 50321, Deutschland",https://www.unesco.de/kultur-und-natur/welterbe/welterbe-deutschland/schloesser-augustusburg-und-falkenlust-bruehl/,50.8278,6.90828,"Schlösser Augustusburg und Falkenlust in Brühl,Schloss Augustusburg, 6, Schloßstraße, Brühl-Nord, Vochem, Brühl, Rhein-Erft-Kreis, Nordrhein-Westfalen, 50321, Deutschland,http://www.schlossbruehl.de/Home"
21,32,"[49.89167, 10.88889]",Altstadt von Bamberg,"CC-BY-SA 3.0, Schubbay, Commons Wiki",https://www.unesco.de/sites/default/files/styles/1280w/public/2017-12/Bamberg_c_%20Schubbay_%20CC%20BY-SA%203.0.jpg?itok=_4l0BeGd,https://welterbe.bamberg.de/de/,"5, Habergasse, Lorenzhöfe, Inselstadt, Bamberg, Bayern, 96047, Deutschland",https://www.unesco.de/kultur-und-natur/welterbe/welterbe-deutschland/altstadt-von-bamberg,49.89167,10.88889,"Altstadt von Bamberg,5, Habergasse, Lorenzhöfe, Inselstadt, Bamberg, Bayern, 96047, Deutschland,https://welterbe.bamberg.de/de/"
22,32,"[48.38778, 9.76556]",Höhlen und Eiszeitkunst der Schwäbischen Alb,"CC-BY-ND, Landesamt für Denkmalpflege im Regierungspräsidium Stuttgart ",https://www.unesco.de/sites/default/files/styles/1280w/public/2018-01/Schw%C3%A4bische%20Alb_Bockstein-H%C3%B6hle_CC-BY-ND_Landesamt%20f%C3%BCr%20Denkmalpflege%20im%20Regierungspr%C3%A4sidium%20Stuttgart.jpg?itok=80MMU89K,https://www.iceageart.de/startseite/,"Weiler, Blaubeuren, Gemeindeverwaltungsverband Blaubeuren, Alb-Donau-Kreis, Baden-Württemberg, 89143, Deutschland",https://www.unesco.de/kultur-und-natur/welterbe/welterbe-deutschland/hoehlen-und-eiszeitkunst-der-schwaebischen-alb,48.38778,9.76556,"Höhlen und Eiszeitkunst der Schwäbischen Alb,Weiler, Blaubeuren, Gemeindeverwaltungsverband Blaubeuren, Alb-Donau-Kreis, Baden-Württemberg, 89143, Deutschland,https://www.iceageart.de/startseite/"
23,32,"[50.9775, 11.32861]",Klassisches Weimar,"CC-BY-SA 3.0, Most Curious, Commons Wiki ",https://www.unesco.de/sites/default/files/styles/1280w/public/2017-12/Beethovenhaus_%26_Bachhaus_des_Schloss_Belvedere_c_Most%20Curious_CC%20BY-SA%203.0.jpg?itok=JSBDwkPK,https://www.klassik-stiftung.de/start/,"Goethe-Nationalmuseum, 1, Frauenplan, Altstadt, Weimar, Thüringen, 99423, Deutschland",https://www.unesco.de/kultur-und-natur/welterbe/welterbe-deutschland/klassisches-weimar,50.9775,11.32861,"Klassisches Weimar,Goethe-Nationalmuseum, 1, Frauenplan, Altstadt, Weimar, Thüringen, 99423, Deutschland,https://www.klassik-stiftung.de/start/"
24,32,"[52.53944, 13.2775]",Siedlungen der Berliner Moderne,"CC-BY-NC, Gertrud K., Flickr ",https://www.unesco.de/sites/default/files/styles/1280w/public/2017-12/Gartenstadt%20Falkenberg_c_Gertrud%20K._cc%2Bnoncommercial.jpg?itok=ASpSehBY,http://www.berlin.de/landesdenkmalamt/welterbe/welterbestaetten/siedlungen-der-berliner-moderne/,"Großsiedlung Siemensstadt, Quellweg, Siemensstadt, Spandau, Berlin, 13629, Deutschland",https://www.unesco.de/kultur-und-natur/welterbe/welterbe-deutschland/siedlungen-der-berliner-moderne,52.53944,13.2775,"Siedlungen der Berliner Moderne,Großsiedlung Siemensstadt, Quellweg, Siemensstadt, Spandau, Berlin, 13629, Deutschland,http://www.berlin.de/landesdenkmalamt/welterbe/welterbestaetten/siedlungen-der-berliner-moderne/"
25,32,"[53.86778, 10.68444]",Hansestadt Lübeck,"CC-BY-ND 2.0, Christian Kothe, Flickr ",https://www.unesco.de/sites/default/files/styles/1280w/public/2017-12/27688977864_L%C3%BCbecker%20Altstadt_Christian%20Kothe_Attribution-NoDerivs%202.0%20Generic%20%28CC%20BY-ND%202.0%29.jpg?itok=DiD_JZVp,http://stadtentwicklung.luebeck.de/stadtplanung/UNESCO/,"St.-Marien-Kirche, 1, Marienkirchhof, Innenstadt, Lübeck, Schleswig-Holstein, 23552, Deutschland",https://www.unesco.de/kultur-und-natur/welterbe/welterbe-deutschland/hansestadt-luebeck,53.86778,10.68444,"Hansestadt Lübeck,St.-Marien-Kirche, 1, Marienkirchhof, Innenstadt, Lübeck, Schleswig-Holstein, 23552, Deutschland,http://stadtentwicklung.luebeck.de/stadtplanung/UNESCO/"
26,32,"[50.97472, 11.32936]","Das Bauhaus und seine Stätten in Weimar, Dessau und Bernau","CC-BY 2.0, Andre Dierker, Flickr ",https://www.unesco.de/sites/default/files/styles/1280w/public/2017-12/15256793302_Dessau_c_Andre%20Dierker_Attribution%202.0%20Generic%20%28CC%20BY%202.0%29.jpg?itok=PEmM40Er,https://www.bauhaus-dessau.de/de/index.html,"Fakultät Architektur und Urbanistik- Hauptgebäude, Geschwister-Scholl-Straße, Altstadt, Weimar, Thüringen, 99423, Deutschland",https://www.unesco.de/kultur-und-natur/welterbe/welterbe-deutschland/das-bauhaus-und-seine-staetten-weimar-dessau-und,50.97472,11.32936,"Das Bauhaus und seine Stätten in Weimar, Dessau und Bernau,Fakultät Architektur und Urbanistik- Hauptgebäude, Geschwister-Scholl-Straße, Altstadt, Weimar, Thüringen, 99423, Deutschland,https://www.bauhaus-dessau.de/de/index.html"
27,32,"[52.15278, 9.94389]",Dom und Michaeliskirche in Hildesheim,"CC-BY-NC-ND 2.0, barnyz, Flickr ",https://www.unesco.de/sites/default/files/styles/1280w/public/2017-12/15823927840_Hildesheim%20Germany_c_barnyz_Attribution-NonCommercial-NoDerivs%202.0%20Generic%20%28CC%20BY-NC-ND%202.0%29_.jpg?itok=JxjS7jJn,https://www.hildesheim.de/tourismus/hildesheim-sehenswert/unesco-welterbe.html,"St. Michaelis, 1, Michaelisplatz, Michaelisviertel, Altstadt, Stadtmitte/Neustadt, Hildesheim, Landkreis Hildesheim, Niedersachsen, 31134, Deutschland",https://www.unesco.de/kultur-und-natur/welterbe/welterbe-deutschland/dom-und-michaeliskirche-hildesheim/,52.15278,9.94389,"Dom und Michaeliskirche in Hildesheim,St. Michaelis, 1, Michaelisplatz, Michaelisviertel, Altstadt, Stadtmitte/Neustadt, Hildesheim, Landkreis Hildesheim, Niedersachsen, 31134, Deutschland,https://www.hildesheim.de/tourismus/hildesheim-sehenswert/unesco-welterbe.html"
28,32,"[49.75194, 6.62633]","Römische Baudenkmäler, Dom und Liebfrauenkirche in Trier",© GDKE - Rheinisches Landesmuseum Trier/Th. Zühmer ,https://www.unesco.de/sites/default/files/styles/960w/public/2018-02/Porta%20Nigra%2002%20%28GDKE%20-%20Rheinisches%20Landesmuseum%20Trier%2C%20Foto%20Th.%20Z%C3%BChmer%29.jpg?itok=KbNAq8K6,http://www.zentrum-der-antike.de/,"Römerbrücke, West, West-Pallien, Trier, Rheinland-Pfalz, 54294, Deutschland",https://www.unesco.de/kultur-und-natur/welterbe/welterbe-deutschland/roemische-baudenkmaeler-dom-und-liebfrauenkirche,49.75194,6.62633,"Römische Baudenkmäler, Dom und Liebfrauenkirche in Trier,Römerbrücke, West, West-Pallien, Trier, Rheinland-Pfalz, 54294, Deutschland,http://www.zentrum-der-antike.de/"
29,32,"[51.82, 10.34]","Bergwerk Rammelsberg, Altstadt von Goslar und Oberharzer Wasserwirtschaft","CC-BY-NC 2.0, micagoto, Flickr ",https://www.unesco.de/sites/default/files/styles/1280w/public/2017-12/34191443654_Goslar%20III_c_micagoto_Attribution-NonCommercial%202.0%20Generic%20%28CC%20BY-NC%202.0%29.jpg?itok=Z-SeVlAx,https://www.goslar.de/,"48, Goslarsche Straße, Zellerfeld, Clausthal-Zellerfeld, Landkreis Goslar, Niedersachsen, 38678, Deutschland",https://www.unesco.de/kultur-und-natur/welterbe/welterbe-deutschland/bergwerk-rammelsberg-altstadt-von-goslar-und,51.82,10.34,"Bergwerk Rammelsberg, Altstadt von Goslar und Oberharzer Wasserwirtschaft,48, Goslarsche Straße, Zellerfeld, Clausthal-Zellerfeld, Landkreis Goslar, Niedersachsen, 38678, Deutschland,https://www.goslar.de/"
30,32,"[51.78889, 11.14278]","Stiftskirche, Schloss und Altstadt von Quedlinburg","CC-BY-ND 2.0, Vanessa, Flickr ",https://www.unesco.de/sites/default/files/styles/1280w/public/2017-12/31549625264_%20Strassen%20von%20Quedlingburg_Vanessa_Attribution-NoDerivs%202.0%20Generic%20%28CC%20BY-ND%202.0%29.jpg?itok=PUqoyc2X,http://www.quedlinburg.de/de/unesco-welterbe.html,"8, Pölle, Quarmbeck, Quedlinburg, Landkreis Harz, Sachsen-Anhalt, 06484, Deutschland",https://www.unesco.de/kultur-und-natur/welterbe/welterbe-deutschland/stiftskirche-schloss-und-altstadt-von-quedlinburg,51.78889,11.14278,"Stiftskirche, Schloss und Altstadt von Quedlinburg,8, Pölle, Quarmbeck, Quedlinburg, Landkreis Harz, Sachsen-Anhalt, 06484, Deutschland,http://www.quedlinburg.de/de/unesco-welterbe.html"
31,32,"[46.57119, 5.74969]",Prähistorische Pfahlbauten um die Alpen,© Pfahlbauten-Informationszentrum Baden-Württemberg ,https://www.unesco.de/sites/default/files/styles/1280w/public/2018-01/NEU_Pfahlbauten-Fundst%C3%A4tte_Olzreute-Enzisholz_Scheibenrad%20in%20Fundlage_c_Pfahlbauten-Informationszentrum%20Baden-W%C3%BCrttemberg.jpg?itok=8sKHC0NS,https://unesco-pfahlbauten.org/aktuelles/,"Stations préhistoriques numéros III et IV, Impasse du Tunnel, La Vieille Foule, Clairvaux-les-Lacs, Lons-le-Saunier, Jura, Bourgogne-Franche-Comté, France métropolitaine, 39130, France",https://www.unesco.de/kultur-und-natur/welterbe/welterbe-deutschland/praehistorische-pfahlbauten-um-die-alpen,47.66095,8.938894,"Prähistorische Pfahlbauten um die Alpen,Stations préhistoriques numéros III et IV, Impasse du Tunnel, La Vieille Foule, Clairvaux-les-Lacs, Lons-le-Saunier, Jura, Bourgogne-Franche-Comté, France métropolitaine, 39130, France,https://unesco-pfahlbauten.org/aktuelles/"
32,32,"[50.1725, 7.67258]",Oberes Mittelrheintal ,"CC-BY 2.0, Mike Powell aka Elektroll, Flickr ",https://www.unesco.de/sites/default/files/styles/1280w/public/2017-12/9353376439_267ecb79c2_o_Loreley_Mike%20Powell%20aka%20Elektroll_CC%20BY%202.0.jpg?itok=CyhxS1IK,https://welterbe-mittelrhein.de/,"B 42, Ehrenthal, Kestert, Loreley, Rhein-Lahn-Kreis, Rheinland-Pfalz, 56346, Deutschland",https://www.unesco.de/kultur-und-natur/welterbe/welterbe-deutschland/oberes-mittelrheintal,50.1725,7.67258,"Oberes Mittelrheintal ,B 42, Ehrenthal, Kestert, Loreley, Rhein-Lahn-Kreis, Rheinland-Pfalz, 56346, Deutschland,https://welterbe-mittelrhein.de/"
33,32,"[50.77472, 6.08392]",Aachener Dom,"CC-BY 2.0, Ingo, Flickr ",https://www.unesco.de/sites/default/files/styles/1280w/public/2018-01/13488586593_Spectating%20The%20Monks_c_Ingo_Attribution%202.0%20Generic%20%28CC%20BY%202.0%29_0.jpg?itok=cpGRvcjQ,https://www.aachenerdom.de/,"Aachener Dom, 1, Domhof, Pontviertel, Burtscheid, Aachen-Mitte, Aachen, Städteregion Aachen, Nordrhein-Westfalen, 52062, Deutschland",https://www.unesco.de/kultur-und-natur/welterbe/welterbe-deutschland/aachener-dom,50.77472,6.08392,"Aachener Dom,Aachener Dom, 1, Domhof, Pontviertel, Burtscheid, Aachen-Mitte, Aachen, Städteregion Aachen, Nordrhein-Westfalen, 52062, Deutschland,https://www.aachenerdom.de/"
34,32,"[53.07597, 8.80747]",Rathaus und Roland in Bremen,"CC-BY-SA 2.0, Simaron, Flickr ",https://www.unesco.de/sites/default/files/styles/1280w/public/2017-12/22338208091_36795bf918_o_Roland%20%26%20Rathaus%2C%20Bremen_Simaron_CC%20BY-SA%202.0.jpg?itok=9b5bZbo7,https://www.rathaus.bremen.de/welterbe___architektur-2085,"Rathaus, 21, Am Markt, Altstadt, Mitte, Stadtbezirk Bremen-Mitte, Bremen, 28195, Deutschland",https://www.unesco.de/kultur-und-natur/welterbe/welterbe-deutschland/rathaus-und-roland-bremen,53.07597,8.80747,"Rathaus und Roland in Bremen,Rathaus, 21, Am Markt, Altstadt, Mitte, Stadtbezirk Bremen-Mitte, Bremen, 28195, Deutschland,https://www.rathaus.bremen.de/welterbe___architektur-2085"
35,32,"[51.77828, 9.41025]",Karolingisches Westwerk und Civitas Corvey,"CC-BY 1.0, Bodo Kubrack, Commons Wiki ",https://www.unesco.de/sites/default/files/styles/1280w/public/2017-12/Corvey_Schloss_und_Abteikirche_c_Bodo%20Kubrak_CC0%201.0.jpg?itok=NGiQ-uro,http://www.schloss-corvey.de/,"Abteikirche St. Stephanus und Vitus, Domäne, Kloster Corvey, Höxter, Kreis Höxter, Nordrhein-Westfalen, 37671, Deutschland",https://www.unesco.de/kultur-und-natur/welterbe/welterbe-deutschland/karolingisches-westwerk-und-civitas-corvey,51.77828,9.41025,"Karolingisches Westwerk und Civitas Corvey,Abteikirche St. Stephanus und Vitus, Domäne, Kloster Corvey, Höxter, Kreis Höxter, Nordrhein-Westfalen, 37671, Deutschland,http://www.schloss-corvey.de/"
36,32,"[51.86612, 12.63755]",Luthergedenkstätten in Eisleben und Wittenberg,"CC-BY-NC-ND 2.0, Neuwieser, Flickr ",https://www.unesco.de/sites/default/files/styles/1280w/public/2017-12/6153069910_Lutherstatue%20Wittenberg_Neuwieser_Attribution-NonCommercial-NoDerivs%202.0%20Generic%20%28CC%20BY-NC-ND%202.0%29.jpg?itok=2x-obYUg,https://www.martinluther.de/index.php?lang=de,"Schloss Wittenberg, Schlosshof, Altstadt, Wittenberg, Sachsen-Anhalt, 06886, Deutschland",https://www.unesco.de/kultur-und-natur/welterbe/welterbe-deutschland/luthergedenkstaetten-eisleben-und-wittenberg,51.86612,12.63755,"Luthergedenkstätten in Eisleben und Wittenberg,Schloss Wittenberg, Schlosshof, Altstadt, Wittenberg, Sachsen-Anhalt, 06886, Deutschland,https://www.martinluther.de/index.php?lang=de"
37,32,"[51.57931, 14.72644]",Muskauer Park / Park Mużakowski,"CC-BY-NC 2.0, Andre Skibinski, Flickr ",https://www.unesco.de/sites/default/files/styles/1280w/public/2017-12/9838055086_F%C3%BCrst%20P%C3%BCckler%20Park%20Bad%20Muskau_Andre%20Skibinski_Attribution-NonCommercial%202.0%20Generic%20%28CC%20BY-NC%202.0%29.jpg?itok=ORxhuJWH,https://www.muskauer-park.de/,"19, Schulstraße, Bad Muskau - Mužakow, Bad Muskau, Spree-Neiße, Sachsen, 02953, Deutschland",https://www.unesco.de/kultur-und-natur/welterbe/welterbe-deutschland/muskauer-park-park-muzakowski,51.57931,14.72644,"Muskauer Park / Park Mużakowski,19, Schulstraße, Bad Muskau - Mužakow, Bad Muskau, Spree-Neiße, Sachsen, 02953, Deutschland,https://www.muskauer-park.de/"
38,32,"[51.31468, 9.41364]",Bergpark Wilhelmshöhe,"CC-BY-NC 2.0, Werner Wilmes, Flickr ",https://www.unesco.de/sites/default/files/styles/1280w/public/2017-12/15361079995_Bergpark%20Wilhelmsh%C3%B6he_c_Werner%20Wilmes_Attribution-NonCommercial%202.0%20Generic%20%28CC%20BY-NC%202.0%29.jpg?itok=9OI07h4v,https://museum-kassel.de/de/welterbe,"Dorf Mulang, Neuholland, Bad Wilhelmshöhe, Kassel, Hessen, 34131, Deutschland",https://www.unesco.de/kultur-und-natur/welterbe/welterbe-deutschland/bergpark-wilhelmshoehe,51.31468,9.41364,"Bergpark Wilhelmshöhe,Dorf Mulang, Neuholland, Bad Wilhelmshöhe, Kassel, Hessen, 34131, Deutschland,https://museum-kassel.de/de/welterbe"
39,32,"[53.54556, 9.99944]",Speicherstadt und Kontorhausviertel mit Chilehaus,"CC-BY-ND 2.0, Stefan Müller, Flickr ",https://www.unesco.de/sites/default/files/styles/1280w/public/2017-12/152697153_Speicherstadt%2001_c_Stefan%20M%C3%BCller_Attribution-NoDerivs%202.0%20Generic%20%28CC%20BY-ND%202.0%29.jpg?itok=SF7LHbHB,https://www.hamburg.de/welterbe/,"Wandrahmsfleetbrücke, Dienerreihe, Quartier Brooktorkai/Ericus, HafenCity, Hamburg, 20457, Deutschland",https://www.unesco.de/kultur-und-natur/welterbe/welterbe-deutschland/speicherstadt-und-kontorhausviertel-mit-chilehaus,53.54556,9.99944,"Speicherstadt und Kontorhausviertel mit Chilehaus,Wandrahmsfleetbrücke, Dienerreihe, Quartier Brooktorkai/Ericus, HafenCity, Hamburg, 20457, Deutschland,https://www.hamburg.de/welterbe/"
40,32,"[51.15446, 11.80387]",Naumburger Dom,"© Förderverein Welterbe Saale Unstrut, Guido Siebert ",https://www.unesco.de/sites/default/files/styles/1280w/public/2018-06/NaumburgerDomWestchor2_c_FoerdervereinWelterbeSaaleUnstrut_GuidoSiebert.jpg?itok=sCwDmQ6s,http://www.naumburger-dom.de/,"Naumburger Dom St. Peter und Paul, 16, Domplatz, Naumburger Gartenstadt, Naumburg (Saale), Burgenlandkreis, Sachsen-Anhalt, 06618, Deutschland",https://www.unesco.de/kultur-und-natur/welterbe/welterbe-deutschland/unesco-welterbe-naumburger-dom,51.15446,11.80387,"Naumburger Dom,Naumburger Dom St. Peter und Paul, 16, Domplatz, Naumburger Gartenstadt, Naumburg (Saale), Burgenlandkreis, Sachsen-Anhalt, 06618, Deutschland,http://www.naumburger-dom.de/"
41,32,"[54.49157, 9.56656]",Archäologischer Grenzkomplex Haithabu und Danewerk,"CC-BY-ND, Archäologisches Landesamt Schleswig-Holstein, Rainer Heidenreich",https://www.unesco.de/sites/default/files/styles/1280w/public/2018-07/Danewerk_Krummwall_CC-BY-ND_Archaeologisches-Landesamt-Schleswig-Holstein_Rainer-Heidenreich.jpg?itok=vXJE0EHC,http://www.haithabu-danewerk.de/index.php/de/,"Wikingerhäuser Haithabu, Ringwall, Haddeby, Busdorf, Haddeby, Schleswig-Flensburg, Schleswig-Holstein, 24866, Deutschland",https://www.unesco.de/kultur-und-natur/welterbe/welterbe-deutschland/archaeologischer-grenzkomplex-haithabu-und-danewerk,54.49157,9.56656,"Archäologischer Grenzkomplex Haithabu und Danewerk,Wikingerhäuser Haithabu, Ringwall, Haddeby, Busdorf, Haddeby, Schleswig-Flensburg, Schleswig-Holstein, 24866, Deutschland,http://www.haithabu-danewerk.de/index.php/de/"
42,33,"[49.91843, 8.75688]",Fossillagerstätte Grube Messel,"CC-BY-SA 2.5, Fritz Geller-Grimm, Commons Wiki ",https://www.unesco.de/sites/default/files/styles/1280w/public/2017-12/Grube_Messel_c_Fritz%20Geller-Grimm_CC%20BY-SA%202.5.jpg?itok=FolvkN9t,https://www.grube-messel.de/,"Weltnaturerbe Grube Messel, Roßdörfer Straße, Messel, Landkreis Darmstadt-Dieburg, Hessen, 64409, Deutschland",https://www.unesco.de/kultur-und-natur/welterbe/welterbe-deutschland/fossillagerstaette-grube-messel,49.91843,8.75688,"Fossillagerstätte Grube Messel,Weltnaturerbe Grube Messel, Roßdörfer Straße, Messel, Landkreis Darmstadt-Dieburg, Hessen, 64409, Deutschland,https://www.grube-messel.de/"
43,33,"[53.52861, 8.55611]",Wattenmeer ,"CC-BY-SA 3.0, Ralf Roletscheck ",https://www.unesco.de/sites/default/files/styles/1280w/public/2018-04/Nordfriesisches%20Wattenmeer4_c_Ralf%20Roletscheck_CC%20BY-SA%203.0.jpg?itok=Gru5Hjc2,http://www.waddensea-secretariat.org/,"Blexer Reede, Blexen, Nordenham, Landkreis Wesermarsch, Niedersachsen, 26954, Deutschland",https://www.unesco.de/kultur-und-natur/welterbe/welterbe-deutschland/wattenmeert,53.52861,8.55611,"Wattenmeer ,Blexer Reede, Blexen, Nordenham, Landkreis Wesermarsch, Niedersachsen, 26954, Deutschland,http://www.waddensea-secretariat.org/"
44,33,"[53.34, 13.19778]",Alte Buchenwälder und Buchenurwälder der Karpaten und anderer Regionen Europas ,"CC-BY-SA 4.0, JasperLovesEarth, Commons Wiki ",https://www.unesco.de/sites/default/files/styles/1280w/public/2017-12/Buchenwald_im_Rosengarten_c_JasperLovesEarth_CC%20BY-SA%204.0.jpg?itok=Gw4H8URy,http://www.weltnaturerbe-buchenwaelder.de/,"UNESCO-Weltnaturerbe „Alte Buchenwälder Deutschlands“ – Teilgebiet Serrahn, Natur-Erlebnis-Pfad Zinow-Serrahn, Zinow, Carpin, Neustrelitz-Land, Mecklenburgische Seenplatte, Mecklenburg-Vorpommern, 17237, Deutschland",https://www.unesco.de/kultur-und-natur/welterbe/welterbe-deutschland/alte-buchenwaelder-und-buchenurwaelder-der-karpaten,53.34,13.19778,"Alte Buchenwälder und Buchenurwälder der Karpaten und anderer Regionen Europas ,UNESCO-Weltnaturerbe „Alte Buchenwälder Deutschlands“ – Teilgebiet Serrahn, Natur-Erlebnis-Pfad Zinow-Serrahn, Zinow, Carpin, Neustrelitz-Land, Mecklenburgische Seenplatte, Mecklenburg-Vorpommern, 17237, Deutschland,http://www.weltnaturerbe-buchenwaelder.de/"
